"","ID","Header","Accession","Group","Species","Function","Identifier","Sequence_Length","Allowed_Start_fw","Allowed_End_fw","Allowed_Start_rev","Allowed_End_rev","Allowed_fw","Allowed_rev","Allowed_Start_fw_ali","Allowed_End_fw_ali","Allowed_Start_fw_initial","Allowed_End_fw_initial","Allowed_Start_fw_initial_ali","Allowed_End_fw_initial_ali","Allowed_Start_rev_ali","Allowed_End_rev_ali","Allowed_Start_rev_initial","Allowed_End_rev_initial","Allowed_Start_rev_initial_ali","Allowed_End_rev_initial_ali","Sequence","InputSequence","Run"
"1","IGLV1-40*01",">M94116|IGLV1-40*01|Homo sapiens|F|L-PART1+V-EXON|75..120+231..540|356 nt|1| | | | |356+0=356| | |","M94116","IGLV1","Homo sapiens","F",1,356,1,58,327,356,"atggcctggtctcctctcctcctcactctcctcgctcactgcacagggtcctgggccc","ccagtcctatgacagcagcctgagtggttc",1,57,1,57,1,57,327,356,327,356,327,356,"atggcctggtctcctctcctcctcactctcctcgctcactgcacagggtcctgggcccagtctgtgctgacgcagccgccctcagtgtctggggccccagggcagagggtcaccatctcctgcactgggagcagctccaacatcggggcaggttatgatgtacactggtaccagcagcttccaggaacagcccccaaactcctcatctatggtaacagcaatcggccctcaggggtccctgaccgattctctggctccaagtctggcacctcagcctccctggccatcactgggctccaggctgaggatgaggctgattattactgccagtcctatgacagcagcctgagtggttc","atggcctggtctcctctcctcctcactctcctcgctcactgcacagggtcctgggcccagtctgtgctgacgcagccgccctcagtgtctggggccccagggcagagggtcaccatctcctgcactgggagcagctccaacatcggggcaggttatgatgtacactggtaccagcagcttccaggaacagcccccaaactcctcatctatggtaacagcaatcggccctcaggggtccctgaccgattctctggctccaagtctggcacctcagcctccctggccatcactgggctccaggctgaggatgaggctgattattactgccagtcctatgacagcagcctgagtggttc","Homo_sapiens_IGL_functional_exon"
"2","IGLV1-40*02",">X53936|IGLV1-40*02|Homo sapiens|F|L-PART1+V-EXON|25..70+178..487|356 nt|1| | | | |356+0=356| | |","X53936","IGLV1","Homo sapiens","F",2,356,1,58,327,356,"atggcctggtctcctctcctcctcactctcctcgctcactgcacagggtcctgggccc","ccagtcctatgacagcagcctgagtggttc",1,57,1,57,1,57,327,356,327,356,327,356,"atggcctggtctcctctcctcctcactctcctcgctcactgcacagggtcctgggcccagtctgtcgtgacgcagccgccctcagtgtctggggccccagggcagagggtcaccatctcctgcactgggagcagctccaacatcggggcaggttatgatgtacactggtaccagcagcttccaggaacagcccccaaactcctcatctatggtaacagcaatcggccctcaggggtccctgaccgattctctggctccaagtctggcacctcagcctccctggccatcactgggctccaggctgaggatgaggctgattattactgccagtcctatgacagcagcctgagtggttc","atggcctggtctcctctcctcctcactctcctcgctcactgcacagggtcctgggcccagtctgtcgtgacgcagccgccctcagtgtctggggccccagggcagagggtcaccatctcctgcactgggagcagctccaacatcggggcaggttatgatgtacactggtaccagcagcttccaggaacagcccccaaactcctcatctatggtaacagcaatcggccctcaggggtccctgaccgattctctggctccaagtctggcacctcagcctccctggccatcactgggctccaggctgaggatgaggctgattattactgccagtcctatgacagcagcctgagtggttc","Homo_sapiens_IGL_functional_exon"
"3","IGLV1-47*02",">D87016|IGLV1-47*02|Homo sapiens|F|L-PART1+V-EXON|27818..27857+27979..28285|347 nt|1| | | | |347+0=347| | |","D87016","IGLV1","Homo sapiens","F",3,347,1,52,318,347,"atggccggcttccctctcctcctcaccctcctcactcactggtcctgggccc","tgcagcatgggatgacagcctgagtggtcc",1,51,1,51,1,51,318,347,318,347,318,347,"atggccggcttccctctcctcctcaccctcctcactcactggtcctgggcccagtctgtgctgactcagccaccctcagcgtctgggacccccgggcagagggtcaccatctcttgttctggaagcagctccaacatcggaagtaattatgtatactggtaccagcagctcccaggaacggcccccaaactcctcatctatagtaataatcagcggccctcaggggtccctgaccgattctctggctccaagtctggcacctcagcctccctggccatcagtgggctccggtccgaggatgaggctgattattactgtgcagcatgggatgacagcctgagtggtcc","atggccggcttccctctcctcctcaccctcctcactcactggtcctgggcccagtctgtgctgactcagccaccctcagcgtctgggacccccgggcagagggtcaccatctcttgttctggaagcagctccaacatcggaagtaattatgtatactggtaccagcagctcccaggaacggcccccaaactcctcatctatagtaataatcagcggccctcaggggtccctgaccgattctctggctccaagtctggcacctcagcctccctggccatcagtgggctccggtccgaggatgaggctgattattactgtgcagcatgggatgacagcctgagtggtcc","Homo_sapiens_IGL_functional_exon"
"4","IGLV10-54*02",">D86996|IGLV10-54*02|Homo sapiens|F|L-PART1+V-EXON|28349..28394+28507..28813|353 nt|1| | | | |353+0=353| | |","D86996","IGLV10","Homo sapiens","F",4,353,1,58,324,353,"atgccctgggctctgctcctcctgaccctcctcactcactctgcagtgtcagtggtcc","ctcagcattggacagcagcctcagtgctca",1,57,1,57,1,57,324,353,324,353,324,353,"atgccctgggctctgctcctcctgaccctcctcactcactctgcagtgtcagtggtccaggcagggctgactcagccaccctcggtgtccaagggcttgagacagaccgccacactcacctgcactgggaacagcaacattgttggcaaccaaggagcagcttggctgcagcagcaccagggccaccctcccaaactcctatcctacaggaataacaaccggccctcagggatctcagagagattctctgcatccaggtcaggaaacacagcctccctgaccattactggactccagcctgaggacgaggctgactattactgctcagcattggacagcagcctcagtgctca","atgccctgggctctgctcctcctgaccctcctcactcactctgcagtgtcagtggtccaggcagggctgactcagccaccctcggtgtccaagggcttgagacagaccgccacactcacctgcactgggaacagcaacattgttggcaaccaaggagcagcttggctgcagcagcaccagggccaccctcccaaactcctatcctacaggaataacaaccggccctcagggatctcagagagattctctgcatccaggtcaggaaacacagcctccctgaccattactggactccagcctgaggacgaggctgactattactgctcagcattggacagcagcctcagtgctca","Homo_sapiens_IGL_functional_exon"
"5","IGLV10-54*03",">S70116|IGLV10-54*03|Homo sapiens|P|L-PART1+V-EXON|135..179+293..599|352 nt|1| | | | |352+0=352| | |","S70116","IGLV10","Homo sapiens","P",5,352,1,57,323,352,"atgccctgggtcatgctcctcctgaaatcctcactcactctgcagtgtcagtggtcc","ctcagcatgggacagcagcctcagtgctca",1,56,1,56,1,56,323,352,323,352,323,352,"atgccctgggtcatgctcctcctgaaatcctcactcactctgcagtgtcagtggtccaggcagggctgactcagccaccctcggtctccaagggcttgagacagaccgccacactcacctgcactgggaacagcaacaatgttggcaaccaaggagcagcttggcctgagcagcaccagggccaccctcccaaactcctatcctacaggaataacaaccggccctcagggatctcagagagattatctgcatccaggtcaggaaacacagcctccctgaccattactggactccagcctgaggacgaggctgactattactgctcagcatgggacagcagcctcagtgctca","atgccctgggtcatgctcctcctgaaatcctcactcactctgcagtgtcagtggtccaggcagggctgactcagccaccctcggtctccaagggcttgagacagaccgccacactcacctgcactgggaacagcaacaatgttggcaaccaaggagcagcttggcctgagcagcaccagggccaccctcccaaactcctatcctacaggaataacaaccggccctcagggatctcagagagattatctgcatccaggtcaggaaacacagcctccctgaccattactggactccagcctgaggacgaggctgactattactgctcagcatgggacagcagcctcagtgctca","Homo_sapiens_IGL_functional_exon"
"6","IGLV2-14*02",">L27822|IGLV2-14*02|Homo sapiens|F|L-PART1+V-EXON|1..46+164..471|354 nt|1| | | | |354+0=354| | |","L27822","IGLV2","Homo sapiens","F",6,354,1,58,325,354,"atggcctgggctctgctgctcctcactctcctcactcgggacacagggtcctgggccc","tgcagctcatatacaagcagcagcactctc",1,57,1,57,1,57,325,354,325,354,325,354,"atggcctgggctctgctgctcctcactctcctcactcgggacacagggtcctgggcccagtctgccctgactcagcctgcctccgtgtctgggtctcctggacagtcgatcaccatctcctgcactggaaccagcagtgatgttgggagttataaccttgtctcctggtaccaacagcacccaggcaaagcccccaaactcatgatttatgagggcagtaagcggccctcaggggtttctaatcgcttctctggctccaagtctggcaacacggcctccctgaccatctctgggctccaggctgaggacgaggctgattattactgcagctcatatacaagcagcagcactctc","atggcctgggctctgctgctcctcactctcctcactcgggacacagggtcctgggcccagtctgccctgactcagcctgcctccgtgtctgggtctcctggacagtcgatcaccatctcctgcactggaaccagcagtgatgttgggagttataaccttgtctcctggtaccaacagcacccaggcaaagcccccaaactcatgatttatgagggcagtaagcggccctcaggggtttctaatcgcttctctggctccaagtctggcaacacggcctccctgaccatctctgggctccaggctgaggacgaggctgattattactgcagctcatatacaagcagcagcactctc","Homo_sapiens_IGL_functional_exon"
"7","IGLV2-18*03",">L27694|IGLV2-18*03|Homo sapiens|F|L-PART1+V-EXON|1..49+166..473|357 nt|1| | | | |357+0=357| | |","L27694","IGLV2","Homo sapiens","F",7,357,1,61,328,357,"atggcctgggctctgctgctcctcctcaccctcctcactcagggcacaggatcctgggctc","tgcagctcatatacaagcagcagcactttc",1,60,1,60,1,60,328,357,328,357,328,357,"atggcctgggctctgctgctcctcctcaccctcctcactcagggcacaggatcctgggctcagtctgccctgactcagcctccctccgtgtccgggtctcctggacagtcagtcaccatctcctgcactggaaccagcagtgacgttggtagttataaccgtgtctcctggtaccagcagcccccaggcacagcccccaaactcatgatttatgaggtcagtaatcggccctcaggggtccctgatcgcttctctgggtccaagtctggcaacacggcctccctgaccacctctgggctccaggctgaggacgaggctgattattactgcagctcatatacaagcagcagcactttc","atggcctgggctctgctgctcctcctcaccctcctcactcagggcacaggatcctgggctcagtctgccctgactcagcctccctccgtgtccgggtctcctggacagtcagtcaccatctcctgcactggaaccagcagtgacgttggtagttataaccgtgtctcctggtaccagcagcccccaggcacagcccccaaactcatgatttatgaggtcagtaatcggccctcaggggtccctgatcgcttctctgggtccaagtctggcaacacggcctccctgaccacctctgggctccaggctgaggacgaggctgattattactgcagctcatatacaagcagcagcactttc","Homo_sapiens_IGL_functional_exon"
"8","IGLV2-18*04",">L27692|IGLV2-18*04|Homo sapiens|F|L-PART1+V-EXON|1..46+163..470|354 nt|1| | | | |354+0=354| | |","L27692","IGLV2","Homo sapiens","F",8,354,1,58,325,354,"atggcctgggctctgctgctcctcaccctcctcactcagggcacaggatcctgggctc","tgcagctcatatacaagcagcagcactttc",1,57,1,57,1,57,325,354,325,354,325,354,"atggcctgggctctgctgctcctcaccctcctcactcagggcacaggatcctgggctcagtctgccctgactcagcctccctccgtgtccgggtctcctggacagtcagtcaccatctcctgcactggaaccagcagtgacgttggtagttataaccgtgtctcctggtaccagcagcccccaggcacagcccccaaactcatgatttatgaggtcagtaatcggccctcaggggtccctgatcgctcctctgggtccaagtccggcaacacggcctccctgaccatctctgggctccaggctgaggacgaggctgattattactgcagctcatatacaagcagcagcactttc","atggcctgggctctgctgctcctcaccctcctcactcagggcacaggatcctgggctcagtctgccctgactcagcctccctccgtgtccgggtctcctggacagtcagtcaccatctcctgcactggaaccagcagtgacgttggtagttataaccgtgtctcctggtaccagcagcccccaggcacagcccccaaactcatgatttatgaggtcagtaatcggccctcaggggtccctgatcgctcctctgggtccaagtccggcaacacggcctccctgaccatctctgggctccaggctgaggacgaggctgattattactgcagctcatatacaagcagcagcactttc","Homo_sapiens_IGL_functional_exon"
"9","IGLV2-23*01",">X14616|IGLV2-23*01|Homo sapiens|F|L-PART1+V-EXON|101..146+265..573|355 nt|1| | | | |355+0=355| | |","X14616","IGLV2","Homo sapiens","F",9,355,1,58,326,355,"atggcctgggctctgctgctcctcactctcctcactcaggacacagggtcctgggccc","gctgctcatatgcaggtagtagcactttac",1,57,1,57,1,57,326,355,326,355,326,355,"atggcctgggctctgctgctcctcactctcctcactcaggacacagggtcctgggcccagtctgccctgactcagcctgcctccgtgtctgggtctcctggacagtcgatcaccatctcctgcactggaaccagcagtgatgttgggagttataaccttgtctcctggtaccaacagcacccaggcaaagcccccaaactcatgatttatgagggcagtaagcggccctcaggggtttctaatcgcttctctggctccaagtctggcaacacggcctccctgacaatctctgggctccaggctgaggacgaggctgattattactgctgctcatatgcaggtagtagcactttac","atggcctgggctctgctgctcctcactctcctcactcaggacacagggtcctgggcccagtctgccctgactcagcctgcctccgtgtctgggtctcctggacagtcgatcaccatctcctgcactggaaccagcagtgatgttgggagttataaccttgtctcctggtaccaacagcacccaggcaaagcccccaaactcatgatttatgagggcagtaagcggccctcaggggtttctaatcgcttctctggctccaagtctggcaacacggcctccctgacaatctctgggctccaggctgaggacgaggctgattattactgctgctcatatgcaggtagtagcactttac","Homo_sapiens_IGL_functional_exon"
"10","IGLV2-23*03",">D86994|IGLV2-23*03|Homo sapiens|F|L-PART1+V-EXON|35427..35472+35590..35897|354 nt|1| | | | |354+0=354| | |","D86994","IGLV2","Homo sapiens","F",10,354,1,58,325,354,"atggcctgggctctgctgctcctcactctcctcactcaggacacagggtcctgggccc","tgctgctcatatgcaggtagtagcactttc",1,57,1,57,1,57,325,354,325,354,325,354,"atggcctgggctctgctgctcctcactctcctcactcaggacacagggtcctgggcccagtctgccctgactcagcctgcctccgtgtctgggtctcctggacagtcgatcaccatctcctgcactggaaccagcagtgatgttgggagttataaccttgtctcctggtaccaacagcacccaggcaaagcccccaaactcatgatttatgagggcagtaagcggccctcaggggtttctaatcgcttctctggctccaagtctggcaacacggcctccctgacaatctctgggctccaggctgaggacgaggctgattattactgctgctcatatgcaggtagtagcactttc","atggcctgggctctgctgctcctcactctcctcactcaggacacagggtcctgggcccagtctgccctgactcagcctgcctccgtgtctgggtctcctggacagtcgatcaccatctcctgcactggaaccagcagtgatgttgggagttataaccttgtctcctggtaccaacagcacccaggcaaagcccccaaactcatgatttatgagggcagtaagcggccctcaggggtttctaatcgcttctctggctccaagtctggcaacacggcctccctgacaatctctgggctccaggctgaggacgaggctgattattactgctgctcatatgcaggtagtagcactttc","Homo_sapiens_IGL_functional_exon"
"11","IGLV2-8*02",">L27695|IGLV2-8*02|Homo sapiens|F|L-PART1+V-EXON|1..46+162..469|354 nt|1| | | | |354+0=354| | |","L27695","IGLV2","Homo sapiens","F",11,354,1,58,325,354,"atggcctgggctctgctgctcctcaccctcctcactcagggcacagggtcctgggccc","tgcagctcatatgcaggcagcaacaatttc",1,57,1,57,1,57,325,354,325,354,325,354,"atggcctgggctctgctgctcctcaccctcctcactcagggcacagggtcctgggcccagtctgccctgactcagcctccctccgcgtccaggtctcctggacagtcagtcaccatctcctgcactggaaccagcagtgacgttggtggttataactatgtctcctggtaccaacagcacccaggcaaagcccccaaactcatgatttatgaggtcagtaagcggccctcaggggtccctgatcgcttctctggctccaagtctggcaacacggcctccctgaccgtctctgggctccaggctgaggatgaggctgattattactgcagctcatatgcaggcagcaacaatttc","atggcctgggctctgctgctcctcaccctcctcactcagggcacagggtcctgggcccagtctgccctgactcagcctccctccgcgtccaggtctcctggacagtcagtcaccatctcctgcactggaaccagcagtgacgttggtggttataactatgtctcctggtaccaacagcacccaggcaaagcccccaaactcatgatttatgaggtcagtaagcggccctcaggggtccctgatcgcttctctggctccaagtctggcaacacggcctccctgaccgtctctgggctccaggctgaggatgaggctgattattactgcagctcatatgcaggcagcaacaatttc","Homo_sapiens_IGL_functional_exon"
"12","IGLV3-1*01",">X57826|IGLV3-1*01|Homo sapiens|F|L-PART1+V-EXON|1907..1952+2245..2540|342 nt|1| | | | |342+0=342| | |","X57826","IGLV3","Homo sapiens","F",12,342,1,58,313,342,"atggcatggatccctctcttcctcggcgtccttgcttactgcacaggatccgtggcct","tactgtcaggcgtgggacagcagcactgca",1,57,1,57,1,57,313,342,313,342,313,342,"atggcatggatccctctcttcctcggcgtccttgcttactgcacaggatccgtggcctcctatgagctgactcagccaccctcagtgtccgtgtccccaggacagacagccagcatcacctgctctggagataaattgggggataaatatgcttgctggtatcagcagaagccaggccagtcccctgtgctggtcatctatcaagatagcaagcggccctcagggatccctgagcgattctctggctccaactctgggaacacagccactctgaccatcagcgggacccaggctatggatgaggctgactattactgtcaggcgtgggacagcagcactgca","atggcatggatccctctcttcctcggcgtccttgcttactgcacaggatccgtggcctcctatgagctgactcagccaccctcagtgtccgtgtccccaggacagacagccagcatcacctgctctggagataaattgggggataaatatgcttgctggtatcagcagaagccaggccagtcccctgtgctggtcatctatcaagatagcaagcggccctcagggatccctgagcgattctctggctccaactctgggaacacagccactctgaccatcagcgggacccaggctatggatgaggctgactattactgtcaggcgtgggacagcagcactgca","Homo_sapiens_IGL_functional_exon"
"13","IGLV3-10*02",">L29166|IGLV3-10*02|Homo sapiens|F|L-PART1+V-EXON|30..75+230..525|342 nt|1| | | | |342+0=342| | |","L29166","IGLV3","Homo sapiens","F",13,342,1,58,313,342,"atggcctggacccctctcctgctccccctcctcactttctgcacagtctctgaggcct","tactgttactcagcagactacagtggtaat",1,57,1,57,1,57,313,342,313,342,313,342,"atggcctggacccctctcctgctccccctcctcactttctgcacagtctctgaggcctcctatgagctgacacagccaccctcggtgtcagtgtccccaggacaaacggccaggatcacctgctctggagatgcattgccaaaaaaatatgcttattggtaccagcagaagtcaggccaggcccctgtgctggtcatctataaggacagcaaacgaccctcagggatccctgagagattctctggctccagctcagggacaatggccaccttgaccatcagtggggcccaggtggaggatgaagatgactactactgttactcagcagactacagtggtaat","atggcctggacccctctcctgctccccctcctcactttctgcacagtctctgaggcctcctatgagctgacacagccaccctcggtgtcagtgtccccaggacaaacggccaggatcacctgctctggagatgcattgccaaaaaaatatgcttattggtaccagcagaagtcaggccaggcccctgtgctggtcatctataaggacagcaaacgaccctcagggatccctgagagattctctggctccagctcagggacaatggccaccttgaccatcagtggggcccaggtggaggatgaagatgactactactgttactcagcagactacagtggtaat","Homo_sapiens_IGL_functional_exon"
"14","IGLV3-12*02",">D86998|IGLV3-12*02|Homo sapiens|F|L-PART1+V-EXON|9669..9714+10118..10418|347 nt|1| | | | |347+0=347| | |","D86998","IGLV3","Homo sapiens","F",14,347,1,58,318,347,"atggcctggacccctctcctcctcagcctcctcgctcactgcacaggctctgcgacct","tcaggtgtgggacagtagtagtgatcatcc",1,57,1,57,1,57,318,347,318,347,318,347,"atggcctggacccctctcctcctcagcctcctcgctcactgcacaggctctgcgacctcctatgagctgactcagccacactcagtgtcagtggccacagcacagatggccaggatcacctgtgggggaaacaacattggaagtaaagctgtgcactggtaccagcaaaagccaggccaggaccctgtgctggtcatctatagcgatagcaaccggccctcagggatccctgagcgattctctggctccaacccagggaacaccgccaccctaaccatcagcaggatcgaggctggggatgaggctgactattactgtcaggtgtgggacagtagtagtgatcatcc","atggcctggacccctctcctcctcagcctcctcgctcactgcacaggctctgcgacctcctatgagctgactcagccacactcagtgtcagtggccacagcacagatggccaggatcacctgtgggggaaacaacattggaagtaaagctgtgcactggtaccagcaaaagccaggccaggaccctgtgctggtcatctatagcgatagcaaccggccctcagggatccctgagcgattctctggctccaacccagggaacaccgccaccctaaccatcagcaggatcgaggctggggatgaggctgactattactgtcaggtgtgggacagtagtagtgatcatcc","Homo_sapiens_IGL_functional_exon"
"15","IGLV3-19*01",">X56178|IGLV3-19*01|Homo sapiens|F|L-PART1+V-EXON|1..46+190..490|347 nt|1| | | | |347+0=347| | |","X56178","IGLV3","Homo sapiens","F",15,347,1,58,318,347,"atggcctggacccctctctggctcactctcctcactctttgcataggttctgtggttt","taactcccgggacagcagtggtaaccatct",1,57,1,57,1,57,318,347,318,347,318,347,"atggcctggacccctctctggctcactctcctcactctttgcataggttctgtggtttcttctgagctgactcaggaccctgctgtgtctgtggccttgggacagacagtcaggatcacatgccaaggagacagcctcagaagctattatgcaagctggtaccagcagaagccaggacaggcccctgtacttgtcatctatggtaaaaacaaccggccctcagggatcccagaccgattctctggctccagctcaggaaacacagcttccttgaccatcactggggctcaggcggaagatgaggctgactattactgtaactcccgggacagcagtggtaaccatct","atggcctggacccctctctggctcactctcctcactctttgcataggttctgtggtttcttctgagctgactcaggaccctgctgtgtctgtggccttgggacagacagtcaggatcacatgccaaggagacagcctcagaagctattatgcaagctggtaccagcagaagccaggacaggcccctgtacttgtcatctatggtaaaaacaaccggccctcagggatcccagaccgattctctggctccagctcaggaaacacagcttccttgaccatcactggggctcaggcggaagatgaggctgactattactgtaactcccgggacagcagtggtaaccatct","Homo_sapiens_IGL_functional_exon"
"16","IGLV3-21*01",">X71966|IGLV3-21*01|Homo sapiens|F|L-PART1+V-EXON|194..239+677..977|347 nt|1| | | | |347+0=347| | |","X71966","IGLV3","Homo sapiens","F",16,347,1,58,318,347,"atggcctggaccgttctcctcctcggcctcctctctcactgcacaggctctgtgacct","tcaggtgtgggacagtagtagtgatcatcc",1,57,1,57,1,57,318,347,318,347,318,347,"atggcctggaccgttctcctcctcggcctcctctctcactgcacaggctctgtgacctcctatgtgctgactcagccaccctcagtgtcagtggccccaggaaagacggccaggattacctgtgggggaaacaacattggaagtaaaagtgtgcactggtaccagcagaagccaggccaggcccctgtgctggtcatctattatgatagcgaccggccctcagggatccctgagcgattctctggctccaactctgggaacacggccaccctgaccatcagcagggtcgaagccggggatgaggccgactattactgtcaggtgtgggacagtagtagtgatcatcc","atggcctggaccgttctcctcctcggcctcctctctcactgcacaggctctgtgacctcctatgtgctgactcagccaccctcagtgtcagtggccccaggaaagacggccaggattacctgtgggggaaacaacattggaagtaaaagtgtgcactggtaccagcagaagccaggccaggcccctgtgctggtcatctattatgatagcgaccggccctcagggatccctgagcgattctctggctccaactctgggaacacggccaccctgaccatcagcagggtcgaagccggggatgaggccgactattactgtcaggtgtgggacagtagtagtgatcatcc","Homo_sapiens_IGL_functional_exon"
"17","IGLV3-21*02",">D87007|IGLV3-21*02|Homo sapiens|F|L-PART1+V-EXON|12834..12879+13314..13614|347 nt|1| | | | |347+0=347| | |","D87007","IGLV3","Homo sapiens","F",17,347,1,58,318,347,"atggcctggaccgttctcctcctcggcctcctctctcactgcacaggctctgtgacct","tcaggtgtgggatagtagtagtgatcatcc",1,57,1,57,1,57,318,347,318,347,318,347,"atggcctggaccgttctcctcctcggcctcctctctcactgcacaggctctgtgacctcctatgtgctgactcagccaccctcggtgtcagtggccccaggacagacggccaggattacctgtgggggaaacaacattggaagtaaaagtgtgcactggtaccagcagaagccaggccaggcccctgtgctggtcgtctatgatgatagcgaccggccctcagggatccctgagcgattctctggctccaactctgggaacacggccaccctgaccatcagcagggtcgaagccggggatgaggccgactattactgtcaggtgtgggatagtagtagtgatcatcc","atggcctggaccgttctcctcctcggcctcctctctcactgcacaggctctgtgacctcctatgtgctgactcagccaccctcggtgtcagtggccccaggacagacggccaggattacctgtgggggaaacaacattggaagtaaaagtgtgcactggtaccagcagaagccaggccaggcccctgtgctggtcgtctatgatgatagcgaccggccctcagggatccctgagcgattctctggctccaactctgggaacacggccaccctgaccatcagcagggtcgaagccggggatgaggccgactattactgtcaggtgtgggatagtagtagtgatcatcc","Homo_sapiens_IGL_functional_exon"
"18","IGLV3-21*03",">M94115|IGLV3-21*03|Homo sapiens|F|L-PART1+V-EXON|143..188+626..926|347 nt|1| | | | |347+0=347| | |","M94115","IGLV3","Homo sapiens","F",18,347,1,58,318,347,"atggcctggaccgttctcctcctcggcctcctctctcactgcacaggctctgtgacct","tcaggtgtgggatagtagtagtgatcatcc",1,57,1,57,1,57,318,347,318,347,318,347,"atggcctggaccgttctcctcctcggcctcctctctcactgcacaggctctgtgacctcctatgtgctgactcagccaccctcggtgtcagtggccccaggaaagacggccaggattacctgtgggggaaacaacattggaagtaaaagtgtgcactggtaccagcagaagccaggccaggcccctgtgctggtcgtctatgatgatagcgaccggccctcagggatccctgagcgattctctggctccaactctgggaacacggccaccctgaccatcagcagggtcgaagccggggatgaggccgactattactgtcaggtgtgggatagtagtagtgatcatcc","atggcctggaccgttctcctcctcggcctcctctctcactgcacaggctctgtgacctcctatgtgctgactcagccaccctcggtgtcagtggccccaggaaagacggccaggattacctgtgggggaaacaacattggaagtaaaagtgtgcactggtaccagcagaagccaggccaggcccctgtgctggtcgtctatgatgatagcgaccggccctcagggatccctgagcgattctctggctccaactctgggaacacggccaccctgaccatcagcagggtcgaagccggggatgaggccgactattactgtcaggtgtgggatagtagtagtgatcatcc","Homo_sapiens_IGL_functional_exon"
"19","IGLV3-22*02",">X71967|IGLV3-22*02|Homo sapiens|P|L-PART1+V-EXON|50..95+245..543|345 nt|1| | | | |345+0=345| | |","X71967","IGLV3","Homo sapiens","P",19,345,1,58,316,345,"atggcatgggccacactcctgctcccactcctcaacctctacacaggctctgttgcct","ttactgtttgtctgggaatgaggataatcc",1,57,1,57,1,57,316,345,316,345,316,345,"atggcatgggccacactcctgctcccactcctcaacctctacacaggctctgttgcctcctatgagctgacacagctaccctcggtgtcagtgtccccaggacagaaagccaggatcacctgctctggagatgtactggggaaaaattatgctgactggtaccagcagaagccagccaggcctgatatacgagttggtgatatacgaagatagtgagcggtaccctggaatccctgaacgattctctgggtccacctcagggaacacgaccaccctgaccatcagcagggtcctgaccgaagacgaggctgactattactgtttgtctgggaatgaggataatcc","atggcatgggccacactcctgctcccactcctcaacctctacacaggctctgttgcctcctatgagctgacacagctaccctcggtgtcagtgtccccaggacagaaagccaggatcacctgctctggagatgtactggggaaaaattatgctgactggtaccagcagaagccagccaggcctgatatacgagttggtgatatacgaagatagtgagcggtaccctggaatccctgaacgattctctgggtccacctcagggaacacgaccaccctgaccatcagcagggtcctgaccgaagacgaggctgactattactgtttgtctgggaatgaggataatcc","Homo_sapiens_IGL_functional_exon"
"20","IGLV3-25*02",">D86994|IGLV3-25*02|Homo sapiens|F|L-PART1+V-EXON|24224..24269+24436..24736|347 nt|1| | | | |347+0=347| | |","D86994","IGLV3","Homo sapiens","F",20,347,1,58,318,347,"atggcctggatccctctacttctccccctcttcactctctgcacaggctctgaggcct","tcaatcagcagacagcagtggtacttatcc",1,57,1,57,1,57,318,347,318,347,318,347,"atggcctggatccctctacttctccccctcttcactctctgcacaggctctgaggcctcctatgagctgacacagccaccctcggtgtcagtgtccccaggacagacggccaggatcacctgctctggagatgcattgccaaagcaatatgcttattggtaccagcagaagccaggccaggcccctgtgctggtgatatataaagacagtgagaggccctcagggatccctgagcgattctctggctccagctcagggacaacagtcacgttgaccatcagtggagtccaggcagaagatgaggctgactattactgtcaatcagcagacagcagtggtacttatcc","atggcctggatccctctacttctccccctcttcactctctgcacaggctctgaggcctcctatgagctgacacagccaccctcggtgtcagtgtccccaggacagacggccaggatcacctgctctggagatgcattgccaaagcaatatgcttattggtaccagcagaagccaggccaggcccctgtgctggtgatatataaagacagtgagaggccctcagggatccctgagcgattctctggctccagctcagggacaacagtcacgttgaccatcagtggagtccaggcagaagatgaggctgactattactgtcaatcagcagacagcagtggtacttatcc","Homo_sapiens_IGL_functional_exon"
"21","IGLV3-25*03",">L29165|IGLV3-25*03|Homo sapiens|F|L-PART1+V-EXON|29..74+241..533|339 nt|1| | | | |339+0=339| | |","L29165","IGLV3","Homo sapiens","F",21,339,1,58,310,339,"atggcctggatccctctacttctccccctcctcactctctgcacaggctctgaggcct","tattactgtcaatcagcagacagcagtggt",1,57,1,57,1,57,310,339,310,339,310,339,"atggcctggatccctctacttctccccctcctcactctctgcacaggctctgaggcctcctatgagctgacacagccaccctcggtgtcagtgtccccaggacagacggccaggatcacctgctctggagatgcattgccaaagcaatatgcttattggtaccagcagaagccaggccaggcccctgtgctggtgatatataaagacagtgagaggccctcagggatccctgagcgattctctggctccagctcagggacaacagtcacgttgaccatcagtggagtccaggcagaagacgaggctgactattactgtcaatcagcagacagcagtggt","atggcctggatccctctacttctccccctcctcactctctgcacaggctctgaggcctcctatgagctgacacagccaccctcggtgtcagtgtccccaggacagacggccaggatcacctgctctggagatgcattgccaaagcaatatgcttattggtaccagcagaagccaggccaggcccctgtgctggtgatatataaagacagtgagaggccctcagggatccctgagcgattctctggctccagctcagggacaacagtcacgttgaccatcagtggagtccaggcagaagacgaggctgactattactgtcaatcagcagacagcagtggt","Homo_sapiens_IGL_functional_exon"
"22","IGLV3-27*01",">D86994|IGLV3-27*01|Homo sapiens|F|L-PART1+V-EXON|5787..5832+5975..6269|341 nt|1| | | | |341+0=341| | |","D86994","IGLV3","Homo sapiens","F",22,341,1,58,312,341,"atggcctggatccctctcctgctccccctcctcattctctgcacagtctctgtggcct","ttactgttactctgcggctgacaacaatct",1,57,1,57,1,57,312,341,312,341,312,341,"atggcctggatccctctcctgctccccctcctcattctctgcacagtctctgtggcctcctatgagctgacacagccatcctcagtgtcagtgtctccgggacagacagccaggatcacctgctcaggagatgtactggcaaaaaaatatgctcggtggttccagcagaagccaggccaggcccctgtgctggtgatttataaagacagtgagcggccctcagggatccctgagcgattctccggctccagctcagggaccacagtcaccttgaccatcagcggggcccaggttgaggatgaggctgactattactgttactctgcggctgacaacaatct","atggcctggatccctctcctgctccccctcctcattctctgcacagtctctgtggcctcctatgagctgacacagccatcctcagtgtcagtgtctccgggacagacagccaggatcacctgctcaggagatgtactggcaaaaaaatatgctcggtggttccagcagaagccaggccaggcccctgtgctggtgatttataaagacagtgagcggccctcagggatccctgagcgattctccggctccagctcagggaccacagtcaccttgaccatcagcggggcccaggttgaggatgaggctgactattactgttactctgcggctgacaacaatct","Homo_sapiens_IGL_functional_exon"
"23","IGLV3-9*02",">X74288|IGLV3-9*02|Homo sapiens|F|L-PART1+V-EXON|11..56+343..643|347 nt|1| | | | |347+0=347| | |","X74288","IGLV3","Homo sapiens","F",23,347,1,58,318,347,"atggcctggaccgctctccttctgagcctccttgctcactttacaggttctgtggcct","tcaggtgtgggacagcagcactgcacaccc",1,57,1,57,1,57,318,347,318,347,318,347,"atggcctggaccgctctccttctgagcctccttgctcactttacaggttctgtggcctcctatgagctgactcagccactctcagtgtcagtggccctgggacaggcggccaggattacctgtgggggaaacaaccttggatataaaagtgtgcactggtaccagcagaagccaggccaggcccctgtgctggtcatctatagggataacaaccggccctctgggatccctgagcgattctctggctccaactcggggaacacggccaccctgaccatcagcagagcccaagccggggatgaggctgactattactgtcaggtgtgggacagcagcactgcacaccc","atggcctggaccgctctccttctgagcctccttgctcactttacaggttctgtggcctcctatgagctgactcagccactctcagtgtcagtggccctgggacaggcggccaggattacctgtgggggaaacaaccttggatataaaagtgtgcactggtaccagcagaagccaggccaggcccctgtgctggtcatctatagggataacaaccggccctctgggatccctgagcgattctctggctccaactcggggaacacggccaccctgaccatcagcagagcccaagccggggatgaggctgactattactgtcaggtgtgggacagcagcactgcacaccc","Homo_sapiens_IGL_functional_exon"
"24","IGLV3-9*03",">X51754|IGLV3-9*03|Homo sapiens|P|L-PART1+V-EXON|1571..1616+1903..2197|341 nt|1| | | | |341+0=341| | |","X51754","IGLV3","Homo sapiens","P",24,341,1,58,312,341,"atggcctggaccgctctccttctgagcctccttgctcactttacaggttctgtggcct","tactgtcaggtgtgggacagcagcactgca",1,57,1,57,1,57,312,341,312,341,312,341,"atggcctggaccgctctccttctgagcctccttgctcactttacaggttctgtggcctcctatgagctgactcagccactctcagtgtcagtggccctgggacaggcggccaggattacctgtgggggaaacaaccttggatataaaatgtgcactggtaccagcagaagccaggccaggcccctgtgctggtcatctatagggataacaaccggccctctgggatccctgagcgattctctggctccaactcggggaacacggccaccctgaccatcagcagagcccaagccggggatgaggctgactattactgtcaggtgtgggacagcagcactgca","atggcctggaccgctctccttctgagcctccttgctcactttacaggttctgtggcctcctatgagctgactcagccactctcagtgtcagtggccctgggacaggcggccaggattacctgtgggggaaacaaccttggatataaaatgtgcactggtaccagcagaagccaggccaggcccctgtgctggtcatctatagggataacaaccggccctctgggatccctgagcgattctctggctccaactcggggaacacggccaccctgaccatcagcagagcccaagccggggatgaggctgactattactgtcaggtgtgggacagcagcactgca","Homo_sapiens_IGL_functional_exon"
"25","IGLV4-3*01",">X57828|IGLV4-3*01|Homo sapiens|F|L-PART1+V-EXON|173..218+345..669|371 nt|1| | | | |371+0=371| | |","X57828","IGLV4","Homo sapiens","F",25,371,1,58,342,371,"atggcctgggtctccttctacctactgcccttcattttctccacaggtctctgtgctc","ccacacgattgatggccaagtcggttgagc",1,57,1,57,1,57,342,371,342,371,342,371,"atggcctgggtctccttctacctactgcccttcattttctccacaggtctctgtgctctgcctgtgctgactcagcccccgtctgcatctgccttgctgggagcctcgatcaagctcacctgcaccctaagcagtgagcacagcacctacaccatcgaatggtatcaacagagaccagggaggtccccccagtatataatgaaggttaagagtgatggcagccacagcaagggggacgggatccccgatcgcttcatgggctccagttctggggctgaccgctacctcaccttctccaacctccagtctgacgatgaggctgagtatcactgtggagagagccacacgattgatggccaagtcggttgagc","atggcctgggtctccttctacctactgcccttcattttctccacaggtctctgtgctctgcctgtgctgactcagcccccgtctgcatctgccttgctgggagcctcgatcaagctcacctgcaccctaagcagtgagcacagcacctacaccatcgaatggtatcaacagagaccagggaggtccccccagtatataatgaaggttaagagtgatggcagccacagcaagggggacgggatccccgatcgcttcatgggctccagttctggggctgaccgctacctcaccttctccaacctccagtctgacgatgaggctgagtatcactgtggagagagccacacgattgatggccaagtcggttgagc","Homo_sapiens_IGL_functional_exon"
"26","IGLV4-60*02",">D87000|IGLV4-60*02|Homo sapiens|F|L-PART1+V-EXON|12784..12835+12957..13266|362 nt|1| | | | |362+0=362| | |","D87000","IGLV4","Homo sapiens","F",26,362,1,64,333,362,"atggcctggaccccactcctcctcctcttccctctcctcctccactgcacagggtctctctccc","ttactgtgagacctgggacagtaacactca",1,63,1,63,1,63,333,362,333,362,333,362,"atggcctggaccccactcctcctcctcttccctctcctcctccactgcacagggtctctctcccagcctgtgctgactcaatcatcctctgcctctgcttccctgggatcctcggtcaagctcacctgcactctgagcagtgggcacagtagctacatcatcgcatggcatcagcagcagccagggaaggcccctcggtacttgatgaagcttgaaggtagtggaagctacaacaaggggagcggagttcctgatcgcttctcaggctccagctctggggctgaccgctacctcaccatctccaacctccagtttgaggatgaggctgattattactgtgagacctgggacagtaacactca","atggcctggaccccactcctcctcctcttccctctcctcctccactgcacagggtctctctcccagcctgtgctgactcaatcatcctctgcctctgcttccctgggatcctcggtcaagctcacctgcactctgagcagtgggcacagtagctacatcatcgcatggcatcagcagcagccagggaaggcccctcggtacttgatgaagcttgaaggtagtggaagctacaacaaggggagcggagttcctgatcgcttctcaggctccagctctggggctgaccgctacctcaccatctccaacctccagtttgaggatgaggctgattattactgtgagacctgggacagtaacactca","Homo_sapiens_IGL_functional_exon"
"28","IGLV5-39*02",">AF216776|IGLV5-39*02|Homo sapiens|F|L-PART1+V-EXON|1..46+170..492|369 nt|1| | | | |369+0=369| | |","AF216776","IGLV5","Homo sapiens","F",28,369,1,58,340,369,"atggcctggactcctctcctcctcctgctcctctctcactgcacaggttccctctcgc","tactgtgccatttggtacagcagcacttct",1,57,1,57,1,57,340,369,340,369,340,369,"atggcctggactcctctcctcctcctgctcctctctcactgcacaggttccctctcgcagcctgtgctgactcagccaacctccctctcagcatctcctggagcatcagccagattcacctgcaccttgcgcagcggcatcaatgttggtacctacaggatatactggtaccagcagaatccagggagtcttccccggtatctcctgaggtacaaatcagactcagataagcagcagggctctggagtccccagccgcttctctggatccaaagatgcttcaaccaatgcaggccttttactcatctctgggctccagtctgaagatgaggctgactattactgtgccatttggtacagcagcacttct","atggcctggactcctctcctcctcctgctcctctctcactgcacaggttccctctcgcagcctgtgctgactcagccaacctccctctcagcatctcctggagcatcagccagattcacctgcaccttgcgcagcggcatcaatgttggtacctacaggatatactggtaccagcagaatccagggagtcttccccggtatctcctgaggtacaaatcagactcagataagcagcagggctctggagtccccagccgcttctctggatccaaagatgcttcaaccaatgcaggccttttactcatctctgggctccagtctgaagatgaggctgactattactgtgccatttggtacagcagcacttct","Homo_sapiens_IGL_functional_exon"
"29","IGLV5-45*03",">D86999|IGLV5-45*03|Homo sapiens|F|L-PART1+V-EXON|15520..15565+15689..16011|369 nt|1| | | | |369+0=369| | |","D86999","IGLV5","Homo sapiens","F",29,369,1,58,340,369,"atggcctggactcctctcctcctcctgttcctctctcactgcacaggttccctctcgc","tactgtatgatttggcacagcagcgcttct",1,57,1,57,1,57,340,369,340,369,340,369,"atggcctggactcctctcctcctcctgttcctctctcactgcacaggttccctctcgcaggctgtgctgactcagccgtcttccctctctgcatctcctggagcatcagccagtctcacctgcaccttgcgcagtggcatcaatgttggtacctacaggatatactggtaccagcagaagccagggagtcctccccagtatctcctgaggtacaaatcagactcagataagcagcagggctctggagtccccagccgcttctctggatccaaagatgcttcggccaatgcagggattttactcatctctgggctccagtctgaggatgaggctgactattactgtatgatttggcacagcagcgcttct","atggcctggactcctctcctcctcctgttcctctctcactgcacaggttccctctcgcaggctgtgctgactcagccgtcttccctctctgcatctcctggagcatcagccagtctcacctgcaccttgcgcagtggcatcaatgttggtacctacaggatatactggtaccagcagaagccagggagtcctccccagtatctcctgaggtacaaatcagactcagataagcagcagggctctggagtccccagccgcttctctggatccaaagatgcttcggccaatgcagggattttactcatctctgggctccagtctgaggatgaggctgactattactgtatgatttggcacagcagcgcttct","Homo_sapiens_IGL_functional_exon"
"30","IGLV5-45*04",">KM455553|IGLV5-45*04|Homo sapiens|F|L-PART1+V-EXON|1..46+170..492|369 nt|1| | | | |369+0=369| | |","KM455553","IGLV5","Homo sapiens","F",30,369,1,58,340,369,"atggcctggactcctctcctcctcctgttcctctctcactgcacaggttccctctcgc","tactgtatgatttggcacagcagcgcttct",1,57,1,57,1,57,340,369,340,369,340,369,"atggcctggactcctctcctcctcctgttcctctctcactgcacaggttccctctcgcaggctgtgctgactcagccgtcttccctctctgcatctcctggagcatcagccagtctcacctgcaccttgtgcagtggcatcaatgttggtacctacaggatatactggtaccagcagaagccagggagtcctccccagtatctcctgaggtacaaatcagactcagataagcagcagggctctggagtccccagccgcttctctggatccaaagatgcttcggccaatgcagggattttactcatctctgggctccagtctgaggatgaggctgactattactgtatgatttggcacagcagcgcttct","atggcctggactcctctcctcctcctgttcctctctcactgcacaggttccctctcgcaggctgtgctgactcagccgtcttccctctctgcatctcctggagcatcagccagtctcacctgcaccttgtgcagtggcatcaatgttggtacctacaggatatactggtaccagcagaagccagggagtcctccccagtatctcctgaggtacaaatcagactcagataagcagcagggctctggagtccccagccgcttctctggatccaaagatgcttcggccaatgcagggattttactcatctctgggctccagtctgaggatgaggctgactattactgtatgatttggcacagcagcgcttct","Homo_sapiens_IGL_functional_exon"
"31","IGLV6-57*02",">KM455556|IGLV6-57*02|Homo sapiens|F|L-PART1+V-EXON|1..46+172..478|353 nt|1| | | | |353+0=353| | |","KM455556","IGLV6","Homo sapiens","F",31,353,1,58,324,353,"atggcctgggctccactacttctcaccctcctcgctcactgcacaggttcttgggcca","ctactgtcagtcttatgatagcagcaatca",1,57,1,57,1,57,324,353,324,353,324,353,"atggcctgggctccactacttctcaccctcctcgctcactgcacaggttcttgggccaattttatgctgactcagccccactctgtgtcggagtctccggggaagacggtaaccatctcctgcaccggcagcagtggcagcattgccagcaactatgtgcagtggtaccagcagcgcccgggcagtgcccccaccactgtgatctatgaggataaccaaagaccctctggggtccctgatcggttctctggctccatcgacagctcctccaactctgcctccctcaccatctctggactgaagactgaggacgaggctgactactactgtcagtcttatgatagcagcaatca","atggcctgggctccactacttctcaccctcctcgctcactgcacaggttcttgggccaattttatgctgactcagccccactctgtgtcggagtctccggggaagacggtaaccatctcctgcaccggcagcagtggcagcattgccagcaactatgtgcagtggtaccagcagcgcccgggcagtgcccccaccactgtgatctatgaggataaccaaagaccctctggggtccctgatcggttctctggctccatcgacagctcctccaactctgcctccctcaccatctctggactgaagactgaggacgaggctgactactactgtcagtcttatgatagcagcaatca","Homo_sapiens_IGL_functional_exon"
"32","IGLV7-43*01",">X14614|IGLV7-43*01|Homo sapiens|F|L-PART1+V-EXON|270..315+403..707|351 nt|1| | | | |351+0=351| | |","X14614","IGLV7","Homo sapiens","F",32,351,1,58,322,351,"atggcctggactcctctctttctgttcctcctcacttgctgcccagggtccaattctc","tactgcctgctctactatggtggtgctcag",1,57,1,57,1,57,322,351,322,351,322,351,"atggcctggactcctctctttctgttcctcctcacttgctgcccagggtccaattctcagactgtggtgactcaggagccctcactgactgtgtccccaggagggacagtcactctcacctgtgcttccagcactggagcagtcaccagtggttactatccaaactggttccagcagaaacctggacaagcacccagggcactgatttatagtacaagcaacaaacactcctggacccctgcccggttctcaggctccctccttgggggcaaagctgccctgacactgtcaggtgtgcagcctgaggacgaggctgagtattactgcctgctctactatggtggtgctcag","atggcctggactcctctctttctgttcctcctcacttgctgcccagggtccaattctcagactgtggtgactcaggagccctcactgactgtgtccccaggagggacagtcactctcacctgtgcttccagcactggagcagtcaccagtggttactatccaaactggttccagcagaaacctggacaagcacccagggcactgatttatagtacaagcaacaaacactcctggacccctgcccggttctcaggctccctccttgggggcaaagctgccctgacactgtcaggtgtgcagcctgaggacgaggctgagtattactgcctgctctactatggtggtgctcag","Homo_sapiens_IGL_functional_exon"
"33","IGLV7-46*02",">D86999|IGLV7-46*02|Homo sapiens|F|L-PART1+V-EXON|9153..9198+9288..9592|351 nt|1| | | | |351+0=351| | |","D86999","IGLV7","Homo sapiens","F",33,351,1,58,322,351,"atggcctggactcctctctttctgttcctcctcacttgctgcccagggtccaattccc","tactgcttgctctcctatagtggtgctcgg",1,57,1,57,1,57,322,351,322,351,322,351,"atggcctggactcctctctttctgttcctcctcacttgctgcccagggtccaattcccaggctgtggtgactcaggagccctcactgactgtgtccccaggagggacagtcactctcacctgtggctccagcactggagctgtcaccagtggtcattatccctactggttccagcagaagcctggccaagcccccaggacactgatttatgatacaagcaacaaacactcctggacacctgcccggttctcaggctccctccttgggggcaaagctgccctgacccttttgggtgcgcagcctgaggatgaggctgagtattactgcttgctctcctatagtggtgctcgg","atggcctggactcctctctttctgttcctcctcacttgctgcccagggtccaattcccaggctgtggtgactcaggagccctcactgactgtgtccccaggagggacagtcactctcacctgtggctccagcactggagctgtcaccagtggtcattatccctactggttccagcagaagcctggccaagcccccaggacactgatttatgatacaagcaacaaacactcctggacacctgcccggttctcaggctccctccttgggggcaaagctgccctgacccttttgggtgcgcagcctgaggatgaggctgagtattactgcttgctctcctatagtggtgctcgg","Homo_sapiens_IGL_functional_exon"
"34","IGLV8-61*02",">U03637|IGLV8-61*02|Homo sapiens|F|L-PART1+V-EXON|298..343+443..749|353 nt|1| | | | |353+0=353| | |","U03637","IGLV8","Homo sapiens","F",34,353,1,58,324,353,"atggcctggatgatgcttctcctcggactccttgcttatggatcaggagtggattctc","ctgtgtgctgtatatgggtagtggcatttc",1,57,1,57,1,57,324,353,324,353,324,353,"atggcctggatgatgcttctcctcggactccttgcttatggatcaggagtggattctcagactgtggtgacccaggagccatcgttctcagtgtcccctggagggacagtcacactcacttgtggcttgagctctggctcagtctctactagttactaccccagctggtaccagcagaccccaggccaggctccacgcacgctcatctacagcacaaacactcgctcttctggggtccctgattgcttctctggctccatccttgggaacaaagctgccctcaccatcacgggggcccaggcagatgatgaatctgattattactgtgtgctgtatatgggtagtggcatttc","atggcctggatgatgcttctcctcggactccttgcttatggatcaggagtggattctcagactgtggtgacccaggagccatcgttctcagtgtcccctggagggacagtcacactcacttgtggcttgagctctggctcagtctctactagttactaccccagctggtaccagcagaccccaggccaggctccacgcacgctcatctacagcacaaacactcgctcttctggggtccctgattgcttctctggctccatccttgggaacaaagctgccctcaccatcacgggggcccaggcagatgatgaatctgattattactgtgtgctgtatatgggtagtggcatttc","Homo_sapiens_IGL_functional_exon"
"35","IGLV9-49*02",">D87016|IGLV9-49*02|Homo sapiens|F|L-PART1+V-EXON|13251..13296+13434..13761|374 nt|1| | | | |374+0=374| | |","D87016","IGLV9","Homo sapiens","F",35,374,1,58,345,374,"atggcctgggctcctctgctcctcaccctcctcagtctcctcacagggtccctctccc","ccatggcagtgggagcaacttcgtgtaacc",1,57,1,57,1,57,345,374,345,374,345,374,"atggcctgggctcctctgctcctcaccctcctcagtctcctcacagggtccctctcccagcctgtgctgactcagccaccttctgcatcagcctccctgggagcctcggtcacactcacctgcaccctgagcagcggctacagtaattataaagtggactggtaccagcagagaccagggaagggcccccggtttgtgatgcgagtgggcactggtgggattgtgggatccaagggggatggcatccctgatcgcttctcagtcttgggctcaggcctgaatcggtacctgaccatcaagaacatccaggaagaagatgagagtgactaccactgtggggcagaccatggcagtgggagcaacttcgtgtaacc","atggcctgggctcctctgctcctcaccctcctcagtctcctcacagggtccctctcccagcctgtgctgactcagccaccttctgcatcagcctccctgggagcctcggtcacactcacctgcaccctgagcagcggctacagtaattataaagtggactggtaccagcagagaccagggaagggcccccggtttgtgatgcgagtgggcactggtgggattgtgggatccaagggggatggcatccctgatcgcttctcagtcttgggctcaggcctgaatcggtacctgaccatcaagaacatccaggaagaagatgagagtgactaccactgtggggcagaccatggcagtgggagcaacttcgtgtaacc","Homo_sapiens_IGL_functional_exon"
"36","IGLV9-49*03",">U03869|IGLV9-49*03|Homo sapiens|F|L-PART1+V-EXON|13..58+195..522|374 nt|1| | | | |374+0=374| | |","U03869","IGLV9","Homo sapiens","F",36,374,1,58,345,374,"atggcctgggctcctctgctcctcaccctcctcagtctcctcacagggtccctctccc","ccatggcagtgggagcaacttcgtgtaacc",1,57,1,57,1,57,345,374,345,374,345,374,"atggcctgggctcctctgctcctcaccctcctcagtctcctcacagggtccctctcccagcctgtgctgactcagccaccttctgcatcagcctccctgggagcctcggtcacactcacctgcaccctgagcagcggctacagtaattataaagtggactggtaccagcagagaccagggaagggcccccgatttgtgatgcgagtgggcactggtgggattgtgggatccaagggggatggcatccctgatcgcttctcagtcttgggctcaggcctgaatcggtacctgaccatcaagaacatccaggaagaggatgagagtgactaccactgtggggcagaccatggcagtgggagcaacttcgtgtaacc","atggcctgggctcctctgctcctcaccctcctcagtctcctcacagggtccctctcccagcctgtgctgactcagccaccttctgcatcagcctccctgggagcctcggtcacactcacctgcaccctgagcagcggctacagtaattataaagtggactggtaccagcagagaccagggaagggcccccgatttgtgatgcgagtgggcactggtgggattgtgggatccaagggggatggcatccctgatcgcttctcagtcttgggctcaggcctgaatcggtacctgaccatcaagaacatccaggaagaggatgagagtgactaccactgtggggcagaccatggcagtgggagcaacttcgtgtaacc","Homo_sapiens_IGL_functional_exon"
